{"model": "XGBoostClassifier", "dataset": "dataset_01_mean.pickle", "timestamp": 1657984817, "scaled": "no", "pca_components": 0, "resampling": "none", "learning_rate": 0.10617682677922884, "n_estimators": 847, "max_depth": 7, "gamma": 0.8098958295334335, "reg_alpha": 15.199519949306211, "seed": 1962, "fit_tim": 90.3663919210434, "core_tim": 0.04816746711730957, "matthews_corrcoef": 0.42075162368623314, "f1_macro": 0.29586638430157636, "accuracy": 0.5386416861826697}
{"model": "XGBoostClassifier", "dataset": "dataset_01_mean.pickle", "timestamp": 1657984817, "scaled": "no", "pca_components": 0, "resampling": "none", "learning_rate": 0.817638418054939, "n_estimators": 202, "max_depth": 4, "gamma": 3.1803402493410737, "reg_alpha": 14.920890386503785, "seed": 1962, "fit_tim": 17.487106728553773, "core_tim": 0.009126758575439453, "matthews_corrcoef": 0.3949137353687014, "f1_macro": 0.2737940280851082, "accuracy": 0.518559718969555}
{"model": "XGBoostClassifier", "dataset": "dataset_01_mean.pickle", "timestamp": 1657984817, "scaled": "no", "pca_components": 0, "resampling": "none", "learning_rate": 0.9123524182765608, "n_estimators": 988, "max_depth": 8, "gamma": 4.064809208821603, "reg_alpha": 17.454995005765003, "seed": 1962, "fit_tim": 81.6710638999939, "core_tim": 0.02549312114715576, "matthews_corrcoef": 0.3810701127845736, "f1_macro": 0.2693874585577551, "accuracy": 0.5068501170960187}
{"model": "XGBoostClassifier", "dataset": "dataset_01_mean.pickle", "timestamp": 1657984817, "scaled": "no", "pca_components": 0, "resampling": "none", "learning_rate": 0.5564147536376609, "n_estimators": 993, "max_depth": 3, "gamma": 3.5880529911743952, "reg_alpha": 1.9356077231037738, "seed": 1962, "fit_tim": 81.72451179027557, "core_tim": 0.02607433795928955, "matthews_corrcoef": 0.4112126649529163, "f1_macro": 0.29187227471128685, "accuracy": 0.5313231850117095}
{"model": "XGBoostClassifier", "dataset": "dataset_01_mean.pickle", "timestamp": 1657984817, "scaled": "no", "pca_components": 0, "resampling": "none", "learning_rate": 0.11484036953359722, "n_estimators": 426, "max_depth": 8, "gamma": 0.327162074525032, "reg_alpha": 6.880454180998818, "seed": 1962, "fit_tim": 88.82094662189483, "core_tim": 0.04223413467407226, "matthews_corrcoef": 0.4411623955166826, "f1_macro": 0.34677243168476257, "accuracy": 0.5531615925058547}
{"model": "XGBoostClassifier", "dataset": "dataset_01_mean.pickle", "timestamp": 1657984817, "scaled": "no", "pca_components": 0, "resampling": "none", "learning_rate": 0.40474636575900846, "n_estimators": 454, "max_depth": 4, "gamma": 3.7243447942960035, "reg_alpha": 10.717888426859489, "seed": 1962, "fit_tim": 38.39027941226959, "core_tim": 0.014223217964172363, "matthews_corrcoef": 0.40596043319448966, "f1_macro": 0.2723720839128843, "accuracy": 0.5278103044496487}
{"model": "XGBoostClassifier", "dataset": "dataset_01_mean.pickle", "timestamp": 1657984817, "scaled": "no", "pca_components": 0, "resampling": "none", "learning_rate": 0.14192648944066874, "n_estimators": 416, "max_depth": 3, "gamma": 3.1758282212205176, "reg_alpha": 6.583035688671637, "seed": 1962, "fit_tim": 37.28850605487823, "core_tim": 0.015900802612304688, "matthews_corrcoef": 0.4056744881581985, "f1_macro": 0.27087062265563483, "accuracy": 0.5278103044496487}
{"model": "XGBoostClassifier", "dataset": "dataset_01_mean.pickle", "timestamp": 1657984817, "scaled": "no", "pca_components": 0, "resampling": "none", "learning_rate": 0.23513505678051594, "n_estimators": 101, "max_depth": 5, "gamma": 2.960671625509997, "reg_alpha": 15.984377714757873, "seed": 1962, "fit_tim": 11.624391222000122, "core_tim": 0.009937930107116699, "matthews_corrcoef": 0.4085526547224677, "f1_macro": 0.27221628959470573, "accuracy": 0.5300351288056208}
{"model": "XGBoostClassifier", "dataset": "dataset_01_mean.pickle", "timestamp": 1657984817, "scaled": "no", "pca_components": 0, "resampling": "none", "learning_rate": 0.019367794537377594, "n_estimators": 431, "max_depth": 4, "gamma": 3.8931442406085424, "reg_alpha": 2.9326063218542053, "seed": 1962, "fit_tim": 69.29925434589386, "core_tim": 0.05274319648742676, "matthews_corrcoef": 0.4144833546836785, "f1_macro": 0.2860213888011461, "accuracy": 0.5343091334894614}
{"model": "XGBoostClassifier", "dataset": "dataset_01_mean.pickle", "timestamp": 1657984817, "scaled": "no", "pca_components": 0, "resampling": "none", "learning_rate": 0.2605285817883744, "n_estimators": 426, "max_depth": 8, "gamma": 0.6027518133739967, "reg_alpha": 7.861804038555933, "seed": 1962, "fit_tim": 51.23598668575287, "core_tim": 0.022040486335754395, "matthews_corrcoef": 0.43458663943479986, "f1_macro": 0.3381516495908156, "accuracy": 0.5480679156908665}
{"model": "XGBoostClassifier", "dataset": "dataset_01_mean.pickle", "timestamp": 1657984817, "scaled": "no", "pca_components": 0, "resampling": "none", "learning_rate": 0.8763416343486014, "n_estimators": 425, "max_depth": 9, "gamma": 2.8415644178003845, "reg_alpha": 4.94970941076502, "seed": 1962, "fit_tim": 37.171277570724484, "core_tim": 0.013133883476257324, "matthews_corrcoef": 0.4033732478437398, "f1_macro": 0.3183485461153354, "accuracy": 0.5223653395784543}
{"model": "XGBoostClassifier", "dataset": "dataset_01_mean.pickle", "timestamp": 1657984817, "scaled": "no", "pca_components": 0, "resampling": "none", "learning_rate": 0.814498956507241, "n_estimators": 426, "max_depth": 6, "gamma": 0.09836272908796462, "reg_alpha": 7.621655980677926, "seed": 1962, "fit_tim": 44.46290442943573, "core_tim": 0.01716735363006592, "matthews_corrcoef": 0.4227341081767556, "f1_macro": 0.3483039343045973, "accuracy": 0.5368266978922718}
{"model": "XGBoostClassifier", "dataset": "dataset_01_mean.pickle", "timestamp": 1657984817, "scaled": "no", "pca_components": 0, "resampling": "none", "learning_rate": 0.2963674797042528, "n_estimators": 429, "max_depth": 9, "gamma": 0.4567498203223719, "reg_alpha": 8.110951867945385, "seed": 1962, "fit_tim": 54.601211357116696, "core_tim": 0.0229367733001709, "matthews_corrcoef": 0.4328183022890785, "f1_macro": 0.3396151805231985, "accuracy": 0.5464285714285714}
{"model": "XGBoostClassifier", "dataset": "dataset_01_mean.pickle", "timestamp": 1657984817, "scaled": "no", "pca_components": 0, "resampling": "none", "learning_rate": 0.01, "n_estimators": 428, "max_depth": 8, "gamma": 0.0, "reg_alpha": 5.740091354296673, "seed": 1962, "fit_tim": 454.071187877655, "core_tim": 0.18738462924957275, "matthews_corrcoef": 0.43348402435775374, "f1_macro": 0.3236001439841395, "accuracy": 0.5481264637002341}
{"model": "XGBoostClassifier", "dataset": "dataset_01_mean.pickle", "timestamp": 1657984817, "scaled": "no", "pca_components": 0, "resampling": "none", "learning_rate": 0.01, "n_estimators": 430, "max_depth": 6, "gamma": 0.0, "reg_alpha": 8.255173322408922, "seed": 1962, "fit_tim": 212.77105422019957, "core_tim": 0.11558041572570801, "matthews_corrcoef": 0.4213594507052738, "f1_macro": 0.29888446405082736, "accuracy": 0.5395784543325528}
{"model": "XGBoostClassifier", "dataset": "dataset_01_mean.pickle", "timestamp": 1657984817, "scaled": "no", "pca_components": 0, "resampling": "none", "learning_rate": 0.09485500611457376, "n_estimators": 429, "max_depth": 9, "gamma": 0.23566769535579846, "reg_alpha": 13.27214225454442, "seed": 1962, "fit_tim": 95.95789818763733, "core_tim": 0.05352354049682617, "matthews_corrcoef": 0.4341577899248984, "f1_macro": 0.3249930910816682, "accuracy": 0.5481264637002342}
{"model": "XGBoostClassifier", "dataset": "dataset_01_mean.pickle", "timestamp": 1657984817, "scaled": "no", "pca_components": 0, "resampling": "none", "learning_rate": 0.8343971807929647, "n_estimators": 431, "max_depth": 8, "gamma": 3.089472318948603, "reg_alpha": 12.175268541268931, "seed": 1962, "fit_tim": 36.48770225048065, "core_tim": 0.012899518013000488, "matthews_corrcoef": 0.3950460478353577, "f1_macro": 0.2909665996217772, "accuracy": 0.517096018735363}
{"model": "XGBoostClassifier",