{"model": "XGBoostClassifier", "dataset": "dataset_05_pvtt.pickle", "timestamp": 1658231356, "scaled": "yes", "pca_components": 0, "resampling": "none", "learning_rate": 0.10617682677922884, "n_estimators": 847, "max_depth": 7, "gamma": 0.8098958295334335, "reg_alpha": 15.199519949306211, "seed": 1962, "fit_tim": 60.14728953838348, "core_tim": 0.0860774040222168, "matthews_corrcoef": 0.4255920050196213, "f1_macro": 0.28325982206864175, "accuracy": 0.541744730679157}
{"model": "XGBoostClassifier", "dataset": "dataset_05_pvtt.pickle", "timestamp": 1658231356, "scaled": "yes", "pca_components": 0, "resampling": "none", "learning_rate": 0.817638418054939, "n_estimators": 202, "max_depth": 4, "gamma": 3.1803402493410737, "reg_alpha": 14.920890386503785, "seed": 1962, "fit_tim": 11.580954146385192, "core_tim": 0.020861077308654784, "matthews_corrcoef": 0.40270840159592225, "f1_macro": 0.26622115587197576, "accuracy": 0.5230093676814989}
{"model": "XGBoostClassifier", "dataset": "dataset_05_pvtt.pickle", "timestamp": 1658231356, "scaled": "yes", "pca_components": 0, "resampling": "none", "learning_rate": 0.9123524182765608, "n_estimators": 988, "max_depth": 8, "gamma": 4.064809208821603, "reg_alpha": 17.454995005765003, "seed": 1962, "fit_tim": 54.947542381286624, "core_tim": 0.05617012977600098, "matthews_corrcoef": 0.3957122000202773, "f1_macro": 0.26923495387069324, "accuracy": 0.517271662763466}
{"model": "XGBoostClassifier", "dataset": "dataset_05_pvtt.pickle", "timestamp": 1658231356, "scaled": "yes", "pca_components": 0, "resampling": "none", "learning_rate": 0.5564147536376609, "n_estimators": 993, "max_depth": 3, "gamma": 3.5880529911743952, "reg_alpha": 1.9356077231037738, "seed": 1962, "fit_tim": 54.860711979866025, "core_tim": 0.05771083831787109, "matthews_corrcoef": 0.4115196713487016, "f1_macro": 0.26720954862471846, "accuracy": 0.530152224824356}
{"model": "XGBoostClassifier", "dataset": "dataset_05_pvtt.pickle", "timestamp": 1658231356, "scaled": "yes", "pca_components": 0, "resampling": "none", "learning_rate": 0.11484036953359722, "n_estimators": 426, "max_depth": 8, "gamma": 0.327162074525032, "reg_alpha": 6.880454180998818, "seed": 1962, "fit_tim": 53.96708333492279, "core_tim": 0.0876415491104126, "matthews_corrcoef": 0.4370897753774294, "f1_macro": 0.3241308381823725, "accuracy": 0.5493559718969554}
{"model": "XGBoostClassifier", "dataset": "dataset_05_pvtt.pickle", "timestamp": 1658231356, "scaled": "yes", "pca_components": 0, "resampling": "none", "learning_rate": 0.22717209358342078, "n_estimators": 413, "max_depth": 7, "gamma": 4.969479736743217, "reg_alpha": 8.158155337881372, "seed": 1962, "fit_tim": 24.657748699188232, "core_tim": 0.035768675804138186, "matthews_corrcoef": 0.4109976998017427, "f1_macro": 0.25537857986946005, "accuracy": 0.5307377049180328}
{"model": "XGBoostClassifier", "dataset": "dataset_05_pvtt.pickle", "timestamp": 1658231356, "scaled": "yes", "pca_components": 0, "resampling": "none", "learning_rate": 0.14192648944066874, "n_estimators": 416, "max_depth": 3, "gamma": 3.1758282212205176, "reg_alpha": 6.583035688671637, "seed": 1962, "fit_tim": 24.969072461128235, "core_tim": 0.039478111267089847, "matthews_corrcoef": 0.4092863680510888, "f1_macro": 0.2488655693222519, "accuracy": 0.52903981264637}
{"model": "XGBoostClassifier", "dataset": "dataset_05_pvtt.pickle", "timestamp": 1658231356, "scaled": "yes", "pca_components": 0, "resampling": "none", "learning_rate": 0.15796742079128032, "n_estimators": 432, "max_depth": 9, "gamma": 0.0, "reg_alpha": 7.980716931602796, "seed": 1962, "fit_tim": 150.5503405570984, "core_tim": 0.21790142059326173, "matthews_corrcoef": 0.4379099557738435, "f1_macro": 0.34569319979126906, "accuracy": 0.548536299765808}
{"model": "XGBoostClassifier", "dataset": "dataset_05_pvtt.pickle", "timestamp": 1658231356, "scaled": "yes", "pca_components": 0, "resampling": "none", "learning_rate": 0.01, "n_estimators": 432, "max_depth": 10, "gamma": 5.0, "reg_alpha": 0.0, "seed": 1962, "fit_tim": 92.78751020431518, "core_tim": 0.18122951984405516, "matthews_corrcoef": 0.42198566763942225, "f1_macro": 0.27416533047795366, "accuracy": 0.5392857142857143}
{"model": "XGBoostClassifier", "dataset": "dataset_05_pvtt.pickle", "timestamp": 1658231356, "scaled": "yes", "pca_components": 0, "resampling": "none", "learning_rate": 0.20383896077487815, "n_estimators": 430, "max_depth": 7, "gamma": 1.3204720296654266, "reg_alpha": 18.673709185821654, "seed": 1962, "fit_tim": 27.889717364311217, "core_tim": 0.04330554008483887, "matthews_corrcoef": 0.4189781621055689, "f1_macro": 0.27141284174320696, "accuracy": 0.5367096018735362}
{"model": "XGBoostClassifier", "dataset": "dataset_05_pvtt.pickle", "timestamp": 1658231356, "scaled": "yes", "pca_components": 0, "resampling": "none", "learning_rate": 0.3056122113544093, "n_estimators": 437, "max_depth": 3, "gamma": 1.7906475764389063, "reg_alpha": 9.577406836027166, "seed": 1962, "fit_tim": 25.188220858573914, "core_tim": 0.03501503467559815, "matthews_corrcoef": 0.4147847821309959, "f1_macro": 0.2610574745141571, "accuracy": 0.5333723653395784}
{"model": "XGBoostClassifier", "dataset": "dataset_05_pvtt.pickle", "timestamp": 1658231356, "scaled": "yes", "pca_components": 0, "resampling": "none", "learning_rate": 0.9591497454133564, "n_estimators": 835, "max_depth": 4, "gamma": 1.034983209426494, "reg_alpha": 19.576915409102263, "seed": 1962, "fit_tim": 46.42749397754669, "core_tim": 0.049066352844238284, "matthews_corrcoef": 0.399231853676904, "f1_macro": 0.2685371805489727, "accuracy": 0.5204332552693208}
{"model": "XGBoostClassifier", "dataset": "dataset_05_pvtt.pickle", "timestamp": 1658231356, "scaled": "yes", "pca_components": 0, "resampling": "none", "learning_rate": 0.9734619012855789, "n_estimators": 427, "max_depth": 7, "gamma": 4.323215888029376, "reg_alpha": 10.353103138104077, "seed": 1962, "fit_tim": 24.00783243179321, "core_tim": 0.031125760078430174, "matthews_corrcoef": 0.39890904094620333, "f1_macro": 0.27812679401740314, "accuracy": 0.5198477751756441}
{"model": "XGBoostClassifier", "dataset": "dataset_05_pvtt.pickle", "timestamp": 1658231356, "scaled": "yes", "pca_components": 0, "resampling": "none", "learning_rate": 0.07236497564429265, "n_estimators": 429, "max_depth": 9, "gamma": 0.0, "reg_alpha": 7.18485243090145, "seed": 1962, "fit_tim": 286.94020495414736, "core_tim": 0.427260684967041, "matthews_corrcoef": 0.4351072899961902, "f1_macro": 0.3439489484405406, "accuracy": 0.5463700234192037}
{"model": "XGBoostClassifier", "dataset": "dataset_05_pvtt.pickle", "timestamp": 1658231356, "scaled": "yes", "pca_components": 0, "resampling": "none", "learning_rate": 0.01, "n_estimators": 432, "max_depth": 10, "gamma": 0.0, "reg_alpha": 4.663019469379297, "seed": 1962, "fit_tim": 500.2607835531235, "core_tim": 0.48742356300354006, "matthews_corrcoef": 0.4339631045272019, "f1_macro": 0.3173388164996341, "accuracy": 0.5475409836065575}
{"model": "XGBoostClassifier", "dataset": "dataset_05_pvtt.pickle", "timestamp": 1658231356, "scaled": "yes", "pca_components": 0, "resampling": "none", "learning_rate": 0.01, "n_estimators": 426, "max_depth": 10, "gamma": 0.0, "reg_alpha": 3.2440227054749293, "seed": 1962, "fit_tim": 585.6503491401672, "core_tim": 0.5235410928726196, "matthews_corrcoef": 0.43524136976546757, "f1_macro": 0.32297859213442903, "accuracy": 0.548360655737705}
{"model": "XGBoostClassifier", "dataset": "dataset_05_pvtt.pickle", "timestamp": 1658231356, "scaled": "yes", "pca_components": 0, "resampling": "none", "learning_rate": 0.832284757126203, "n_estimators": 430, "max_depth": 4, "gamma": 0.05092844151996734, "reg_alpha": 1.0388445515271538, "seed": 1962, "fit_tim": 37.4123916387558, "core_tim": 0.0673860788345337, "matthews_corrcoef": 0.4151031894725775, "f1_macro": 0.34344940228537546, "accuracy": 0.5283957845433255}
{"model": "XGBoostClassifier", "dataset": "dataset_05_pvtt.pickle", "timestamp": 1658231356, "scaled": "yes",