{"model": "XGBoostClassifier", "dataset": "dataset_09_pvtt_mean_cov_icov.pickle", "timestamp": 1658071601, "scaled": "no", "pca_components": 0, "resampling": "none", "learning_rate": 0.10617682677922884, "n_estimators": 847, "max_depth": 7, "gamma": 0.8098958295334335, "reg_alpha": 15.199519949306211, "seed": 1962, "fit_tim": 420.24625313282013, "core_tim": 0.13606131076812744, "matthews_corrcoef": 0.5556414483791305, "f1_macro": 0.4811187640537744, "accuracy": 0.6417447306791569}
{"model": "XGBoostClassifier", "dataset": "dataset_09_pvtt_mean_cov_icov.pickle", "timestamp": 1658071601, "scaled": "no", "pca_components": 0, "resampling": "none", "learning_rate": 0.817638418054939, "n_estimators": 202, "max_depth": 4, "gamma": 3.1803402493410737, "reg_alpha": 14.920890386503785, "seed": 1962, "fit_tim": 74.733313703537, "core_tim": 0.03659279346466064, "matthews_corrcoef": 0.5062201146834661, "f1_macro": 0.4338182921389854, "accuracy": 0.6015807962529274}
{"model": "XGBoostClassifier", "dataset": "dataset_09_pvtt_mean_cov_icov.pickle", "timestamp": 1658071601, "scaled": "no", "pca_components": 0, "resampling": "none", "learning_rate": 0.9123524182765608, "n_estimators": 988, "max_depth": 8, "gamma": 4.064809208821603, "reg_alpha": 17.454995005765003, "seed": 1962, "fit_tim": 345.18027851581576, "core_tim": 0.06454308032989502, "matthews_corrcoef": 0.4910383217390753, "f1_macro": 0.4207070652223561, "accuracy": 0.5895784543325526}
{"model": "XGBoostClassifier", "dataset": "dataset_09_pvtt_mean_cov_icov.pickle", "timestamp": 1658071601, "scaled": "no", "pca_components": 0, "resampling": "none", "learning_rate": 0.5564147536376609, "n_estimators": 993, "max_depth": 3, "gamma": 3.5880529911743952, "reg_alpha": 1.9356077231037738, "seed": 1962, "fit_tim": 337.95697979927064, "core_tim": 0.06757307052612305, "matthews_corrcoef": 0.5334068292685997, "f1_macro": 0.46952620823335167, "accuracy": 0.6233021077283373}
{"model": "XGBoostClassifier", "dataset": "dataset_09_pvtt_mean_cov_icov.pickle", "timestamp": 1658071601, "scaled": "no", "pca_components": 0, "resampling": "none", "learning_rate": 0.11484036953359722, "n_estimators": 426, "max_depth": 8, "gamma": 0.327162074525032, "reg_alpha": 6.880454180998818, "seed": 1962, "fit_tim": 407.2419151067734, "core_tim": 0.15801026821136474, "matthews_corrcoef": 0.573515537270916, "f1_macro": 0.505088034476749, "accuracy": 0.6557377049180328}
{"model": "XGBoostClassifier", "dataset": "dataset_09_pvtt_mean_cov_icov.pickle", "timestamp": 1658071601, "scaled": "no", "pca_components": 0, "resampling": "none", "learning_rate": 0.40474636575900846, "n_estimators": 454, "max_depth": 4, "gamma": 3.7243447942960035, "reg_alpha": 10.717888426859489, "seed": 1962, "fit_tim": 162.45832281112672, "core_tim": 0.04895780086517334, "matthews_corrcoef": 0.5263173535705497, "f1_macro": 0.4516647681448188, "accuracy": 0.6183255269320843}
{"model": "XGBoostClassifier", "dataset": "dataset_09_pvtt_mean_cov_icov.pickle", "timestamp": 1658071601, "scaled": "no", "pca_components": 0, "resampling": "none", "learning_rate": 0.14192648944066874, "n_estimators": 416, "max_depth": 3, "gamma": 3.1758282212205176, "reg_alpha": 6.583035688671637, "seed": 1962, "fit_tim": 168.8057760953903, "core_tim": 0.060644888877868654, "matthews_corrcoef": 0.5354511734625911, "f1_macro": 0.455575370378679, "accuracy": 0.6256440281030445}
{"model": "XGBoostClassifier", "dataset": "dataset_09_pvtt_mean_cov_icov.pickle", "timestamp": 1658071601, "scaled": "no", "pca_components": 0, "resampling": "none", "learning_rate": 0.7402752598824552, "n_estimators": 427, "max_depth": 9, "gamma": 0.5710627900257875, "reg_alpha": 7.499192094243112, "seed": 1962, "fit_tim": 188.13848943710326, "core_tim": 0.059309864044189455, "matthews_corrcoef": 0.5260079530759347, "f1_macro": 0.472337012609949, "accuracy": 0.6166861826697893}
{"model": "XGBoostClassifier", "dataset": "dataset_09_pvtt_mean_cov_icov.pickle", "timestamp": 1658071601, "scaled": "no", "pca_components": 0, "resampling": "none", "learning_rate": 0.019367794537377594, "n_estimators": 431, "max_depth": 4, "gamma": 3.8931442406085424, "reg_alpha": 2.9326063218542053, "seed": 1962, "fit_tim": 393.5993847846985, "core_tim": 0.1901712417602539, "matthews_corrcoef": 0.5382974808977123, "f1_macro": 0.46424189222049594, "accuracy": 0.6279274004683841}
{"model": "XGBoostClassifier", "dataset": "dataset_09_pvtt_mean_cov_icov.pickle", "timestamp": 1658071601, "scaled": "no", "pca_components": 0, "resampling": "none", "learning_rate": 0.8889598429533773, "n_estimators": 713, "max_depth": 6, "gamma": 2.5460328179840164, "reg_alpha": 18.62996563079273, "seed": 1962, "fit_tim": 241.46167440414428, "core_tim": 0.05612163543701172, "matthews_corrcoef": 0.5038633699131505, "f1_macro": 0.4386181719145094, "accuracy": 0.5997072599531615}
{"model": "XGBoostClassifier", "dataset": "dataset_09_pvtt_mean_cov_icov.pickle", "timestamp": 1658071601, "scaled": "no", "pca_components": 0, "resampling": "none", "learning_rate": 0.8853065865068206, "n_estimators": 316, "max_depth": 8, "gamma": 1.2245652502490567, "reg_alpha": 8.2628390153737, "seed": 1962, "fit_tim": 132.0415138244629, "core_tim": 0.04696829319000244, "matthews_corrcoef": 0.5111981653692625, "f1_macro": 0.45901129524471235, "accuracy": 0.6046252927400468}
{"model": "XGBoostClassifier", "dataset": "dataset_09_pvtt_mean_cov_icov.pickle", "timestamp": 1658071601, "scaled": "no", "pca_components": 0, "resampling": "none", "learning_rate": 0.23483464256071798, "n_estimators": 540, "max_depth": 8, "gamma": 2.1618212112943063, "reg_alpha": 1.5274901812924258, "seed": 1962, "fit_tim": 244.1743684053421, "core_tim": 0.07471113204956055, "matthews_corrcoef": 0.545362671386885, "f1_macro": 0.48213524547101844, "accuracy": 0.6333723653395784}
{"model": "XGBoostClassifier", "dataset": "dataset_09_pvtt_mean_cov_icov.pickle", "timestamp": 1658071601, "scaled": "no", "pca_components": 0, "resampling": "none", "learning_rate": 0.7062372890243829, "n_estimators": 959, "max_depth": 3, "gamma": 4.079172552167288, "reg_alpha": 14.525500731118937, "seed": 1962, "fit_tim": 320.0676058769226, "core_tim": 0.06291797161102294, "matthews_corrcoef": 0.5084870190721966, "f1_macro": 0.42597637526448046, "accuracy": 0.60403981264637}
{"model": "XGBoostClassifier", "dataset": "dataset_09_pvtt_mean_cov_icov.pickle", "timestamp": 1658071601, "scaled": "no", "pca_components": 0, "resampling": "none", "learning_rate": 0.6954972574469057, "n_estimators": 773, "max_depth": 8, "gamma": 2.9420216206402428, "reg_alpha": 5.409708735870817, "seed": 1962, "fit_tim": 296.3503999233246, "core_tim": 0.06048402786254883, "matthews_corrcoef": 0.508158457021718, "f1_macro": 0.45305820991456736, "accuracy": 0.6027517564402811}
{"model": "XGBoostClassifier", "dataset": "dataset_09_pvtt_mean_cov_icov.pickle", "timestamp": 1658071601, "scaled": "no", "pca_components": 0, "resampling": "none", "learning_rate": 0.3584652544256441, "n_estimators": 846, "max_depth": 8, "gamma": 0.3131928107728915, "reg_alpha": 15.051940159489165, "seed": 1962, "fit_tim": 349.8470658540726, "core_tim": 0.09208095073699951, "matthews_corrcoef": 0.553352530524243, "f1_macro": 0.490175615849176, "accuracy": 0.639519906323185}
{"model": "XGBoostClassifier", "dataset": "dataset_09_pvtt_mean_cov_icov.pickle", "timestamp": 1658071601, "scaled": "no", "pca_components": 0, "resampling": "none", "learning_rate": 0.09900017484013922, "n_estimators": 425, "max_depth": 6, "gamma": 1.1898789350222332, "reg_alpha": 8.437183210478674, "seed": 1962, "fit_tim": 280.19193360805514, "core_tim": 0.11013987064361572, "matthews_corrcoef": 0.5618217502309161, "f1_macro": 0.49136941715513754, "accuracy": 0.6464285714285714}
{"model": "XGBoostClassifier", "dataset": "dataset_09_pvtt_mean_cov_icov.pickle", "timestamp": 1658071601, "scaled": "no", "pca_components": 0, "resampling": "none", "learning_rate": 0.14977165128457778, "n_estimators": 425, "max_depth": 8,