{"model": "XGBoostClassifier", "dataset": "dataset_06_pvtt_mean.pickle", "timestamp": 1658231398, "scaled": "yes", "pca_components": 0, "resampling": "none", "learning_rate": 0.10617682677922884, "n_estimators": 847, "max_depth": 7, "gamma": 0.8098958295334335, "reg_alpha": 15.199519949306211, "seed": 1962, "fit_tim": 69.60931000709533, "core_tim": 0.10390868186950683, "matthews_corrcoef": 0.47977524968620167, "f1_macro": 0.3728925620823259, "accuracy": 0.5823770491803277}
{"model": "XGBoostClassifier", "dataset": "dataset_06_pvtt_mean.pickle", "timestamp": 1658231398, "scaled": "yes", "pca_components": 0, "resampling": "none", "learning_rate": 0.817638418054939, "n_estimators": 202, "max_depth": 4, "gamma": 3.1803402493410737, "reg_alpha": 14.920890386503785, "seed": 1962, "fit_tim": 11.950913119316102, "core_tim": 0.022065138816833495, "matthews_corrcoef": 0.4461947942572088, "f1_macro": 0.33292802106415526, "accuracy": 0.5559133489461358}
{"model": "XGBoostClassifier", "dataset": "dataset_06_pvtt_mean.pickle", "timestamp": 1658231398, "scaled": "yes", "pca_components": 0, "resampling": "none", "learning_rate": 0.9123524182765608, "n_estimators": 988, "max_depth": 8, "gamma": 4.064809208821603, "reg_alpha": 17.454995005765003, "seed": 1962, "fit_tim": 56.4490487575531, "core_tim": 0.058826446533203125, "matthews_corrcoef": 0.43706686526975513, "f1_macro": 0.3304663630228399, "accuracy": 0.5481850117096019}
{"model": "XGBoostClassifier", "dataset": "dataset_06_pvtt_mean.pickle", "timestamp": 1658231398, "scaled": "yes", "pca_components": 0, "resampling": "none", "learning_rate": 0.5564147536376609, "n_estimators": 993, "max_depth": 3, "gamma": 3.5880529911743952, "reg_alpha": 1.9356077231037738, "seed": 1962, "fit_tim": 55.979675960540774, "core_tim": 0.062391471862792966, "matthews_corrcoef": 0.4609812112821935, "f1_macro": 0.36245889099569767, "accuracy": 0.5675644028103044}
{"model": "XGBoostClassifier", "dataset": "dataset_06_pvtt_mean.pickle", "timestamp": 1658231398, "scaled": "yes", "pca_components": 0, "resampling": "none", "learning_rate": 0.11484036953359722, "n_estimators": 426, "max_depth": 8, "gamma": 0.327162074525032, "reg_alpha": 6.880454180998818, "seed": 1962, "fit_tim": 71.47012391090394, "core_tim": 0.10810642242431641, "matthews_corrcoef": 0.5047201765661395, "f1_macro": 0.41837232219757015, "accuracy": 0.6013466042154567}
{"model": "XGBoostClassifier", "dataset": "dataset_06_pvtt_mean.pickle", "timestamp": 1658231398, "scaled": "yes", "pca_components": 0, "resampling": "none", "learning_rate": 0.6109306991204386, "n_estimators": 438, "max_depth": 3, "gamma": 2.3585311817683263, "reg_alpha": 14.866336315361533, "seed": 1962, "fit_tim": 25.08557586669922, "core_tim": 0.03464338779449463, "matthews_corrcoef": 0.45465029419284086, "f1_macro": 0.3313292153767458, "accuracy": 0.5628805620608899}
{"model": "XGBoostClassifier", "dataset": "dataset_06_pvtt_mean.pickle", "timestamp": 1658231398, "scaled": "yes", "pca_components": 0, "resampling": "none", "learning_rate": 0.14192648944066874, "n_estimators": 416, "max_depth": 3, "gamma": 3.1758282212205176, "reg_alpha": 6.583035688671637, "seed": 1962, "fit_tim": 26.056677317619325, "core_tim": 0.044065999984741214, "matthews_corrcoef": 0.4587889175610867, "f1_macro": 0.3312332552913067, "accuracy": 0.5666861826697891}
{"model": "XGBoostClassifier", "dataset": "dataset_06_pvtt_mean.pickle", "timestamp": 1658231398, "scaled": "yes", "pca_components": 0, "resampling": "none", "learning_rate": 0.23513505678051594, "n_estimators": 101, "max_depth": 5, "gamma": 2.960671625509997, "reg_alpha": 15.984377714757873, "seed": 1962, "fit_tim": 8.590634751319886, "core_tim": 0.025908422470092774, "matthews_corrcoef": 0.4587406174870058, "f1_macro": 0.3281777940633042, "accuracy": 0.5668032786885245}
{"model": "XGBoostClassifier", "dataset": "dataset_06_pvtt_mean.pickle", "timestamp": 1658231398, "scaled": "yes", "pca_components": 0, "resampling": "none", "learning_rate": 0.019367794537377594, "n_estimators": 431, "max_depth": 4, "gamma": 3.8931442406085424, "reg_alpha": 2.9326063218542053, "seed": 1962, "fit_tim": 52.92316586971283, "core_tim": 0.15084128379821776, "matthews_corrcoef": 0.4669419031366192, "f1_macro": 0.3567885510078842, "accuracy": 0.5730093676814988}
{"model": "XGBoostClassifier", "dataset": "dataset_06_pvtt_mean.pickle", "timestamp": 1658231398, "scaled": "yes", "pca_components": 0, "resampling": "none", "learning_rate": 0.2605285817883744, "n_estimators": 426, "max_depth": 8, "gamma": 0.6027518133739967, "reg_alpha": 7.861804038555933, "seed": 1962, "fit_tim": 39.22749752998352, "core_tim": 0.056681370735168456, "matthews_corrcoef": 0.49419369920231365, "f1_macro": 0.4092012561968995, "accuracy": 0.5929742388758783}
{"model": "XGBoostClassifier", "dataset": "dataset_06_pvtt_mean.pickle", "timestamp": 1658231398, "scaled": "yes", "pca_components": 0, "resampling": "none", "learning_rate": 0.8836310230521789, "n_estimators": 424, "max_depth": 9, "gamma": 2.4575496101703043, "reg_alpha": 6.010237638502369, "seed": 1962, "fit_tim": 26.417720603942872, "core_tim": 0.03367381095886231, "matthews_corrcoef": 0.45363235308029026, "f1_macro": 0.3758031757487086, "accuracy": 0.559953161592506}
{"model": "XGBoostClassifier", "dataset": "dataset_06_pvtt_mean.pickle", "timestamp": 1658231398, "scaled": "yes", "pca_components": 0, "resampling": "none", "learning_rate": 0.814498956507241, "n_estimators": 426, "max_depth": 6, "gamma": 0.09836272908796462, "reg_alpha": 7.621655980677926, "seed": 1962, "fit_tim": 32.571477389335634, "core_tim": 0.04794316291809082, "matthews_corrcoef": 0.4832706723386777, "f1_macro": 0.40915192659551636, "accuracy": 0.5830796252927402}
{"model": "XGBoostClassifier", "dataset": "dataset_06_pvtt_mean.pickle", "timestamp": 1658231398, "scaled": "yes", "pca_components": 0, "resampling": "none", "learning_rate": 0.2963674797042528, "n_estimators": 429, "max_depth": 9, "gamma": 0.4567498203223719, "reg_alpha": 8.110951867945385, "seed": 1962, "fit_tim": 41.97859432697296, "core_tim": 0.05900330543518066, "matthews_corrcoef": 0.49486426261748573, "f1_macro": 0.4081668886981057, "accuracy": 0.5934426229508196}
{"model": "XGBoostClassifier", "dataset": "dataset_06_pvtt_mean.pickle", "timestamp": 1658231398, "scaled": "yes", "pca_components": 0, "resampling": "none", "learning_rate": 0.01, "n_estimators": 428, "max_depth": 8, "gamma": 0.0, "reg_alpha": 6.126079391913312, "seed": 1962, "fit_tim": 352.4184961557388, "core_tim": 0.48120572566986086, "matthews_corrcoef": 0.4861085500611154, "f1_macro": 0.38583154439469497, "accuracy": 0.5875878220140516}
{"model": "XGBoostClassifier", "dataset": "dataset_06_pvtt_mean.pickle", "timestamp": 1658231398, "scaled": "yes", "pca_components": 0, "resampling": "none", "learning_rate": 0.01, "n_estimators": 427, "max_depth": 10, "gamma": 0.0, "reg_alpha": 6.528526293328195, "seed": 1962, "fit_tim": 540.4387578725815, "core_tim": 0.5872770071029663, "matthews_corrcoef": 0.4914377902373569, "f1_macro": 0.3958485091924093, "accuracy": 0.5916276346604216}
{"model": "XGBoostClassifier", "dataset": "dataset_06_pvtt_mean.pickle", "timestamp": 1658231398, "scaled": "yes", "pca_components": 0, "resampling": "none", "learning_rate": 0.8001378499722507, "n_estimators": 428, "max_depth": 7, "gamma": 2.5182297051960036, "reg_alpha": 9.885912198933742, "seed": 1962, "fit_tim": 25.73667781352997, "core_tim": 0.034449076652526854, "matthews_corrcoef": 0.4511460523095807, "f1_macro": 0.3560421327637769, "accuracy": 0.5588992974238877}
{"model": "XGBoostClassifier", "dataset": "dataset_06_pvtt_mean.pickle", "timestamp": 1658231398, "scaled": "yes", "pca_components": 0, "resampling": "none", "learning_rate": 0.5614364890833545, "n_estimators": 432, "max_depth": 8, "gamma": 0.5238237102431492, "reg_alpha": 6.935813190836555, "seed": 1962, "fit_tim": 33.19417202472687, "core_tim": 0.04349615573883057, "matthews_corrcoef": 0.485049115707474,