{"model": "XGBoostClassifier", "dataset": "dataset_03_mean_icov.pickle", "timestamp": 1658231271, "scaled": "yes", "pca_components": 0, "resampling": "none", "learning_rate": 0.10617682677922884, "n_estimators": 847, "max_depth": 7, "gamma": 0.8098958295334335, "reg_alpha": 15.199519949306211, "seed": 1962, "fit_tim": 103.7636842250824, "core_tim": 0.13909463882446288, "matthews_corrcoef": 0.516250397931785, "f1_macro": 0.4294890083823243, "accuracy": 0.6112997658079626}
{"model": "XGBoostClassifier", "dataset": "dataset_03_mean_icov.pickle", "timestamp": 1658231271, "scaled": "yes", "pca_components": 0, "resampling": "none", "learning_rate": 0.817638418054939, "n_estimators": 202, "max_depth": 4, "gamma": 3.1803402493410737, "reg_alpha": 14.920890386503785, "seed": 1962, "fit_tim": 15.086028718948365, "core_tim": 0.03255398273468017, "matthews_corrcoef": 0.47375555068790576, "f1_macro": 0.38907037381618087, "accuracy": 0.5769906323185012}
{"model": "XGBoostClassifier", "dataset": "dataset_03_mean_icov.pickle", "timestamp": 1658231271, "scaled": "yes", "pca_components": 0, "resampling": "none", "learning_rate": 0.9123524182765608, "n_estimators": 988, "max_depth": 8, "gamma": 4.064809208821603, "reg_alpha": 17.454995005765003, "seed": 1962, "fit_tim": 73.69457366466523, "core_tim": 0.07143478393554688, "matthews_corrcoef": 0.45221097425232165, "f1_macro": 0.3799903679646101, "accuracy": 0.559543325526932}
{"model": "XGBoostClassifier", "dataset": "dataset_03_mean_icov.pickle", "timestamp": 1658231271, "scaled": "yes", "pca_components": 0, "resampling": "none", "learning_rate": 0.5564147536376609, "n_estimators": 993, "max_depth": 3, "gamma": 3.5880529911743952, "reg_alpha": 1.9356077231037738, "seed": 1962, "fit_tim": 67.24294731616973, "core_tim": 0.07430603504180908, "matthews_corrcoef": 0.49687964664685874, "f1_macro": 0.4240166778800479, "accuracy": 0.5953747072599531}
{"model": "XGBoostClassifier", "dataset": "dataset_03_mean_icov.pickle", "timestamp": 1658231271, "scaled": "yes", "pca_components": 0, "resampling": "none", "learning_rate": 0.11484036953359722, "n_estimators": 426, "max_depth": 8, "gamma": 0.327162074525032, "reg_alpha": 6.880454180998818, "seed": 1962, "fit_tim": 125.99252161979675, "core_tim": 0.15213313102722167, "matthews_corrcoef": 0.5385440399173341, "f1_macro": 0.4629168574664339, "accuracy": 0.6286299765807962}
{"model": "XGBoostClassifier", "dataset": "dataset_03_mean_icov.pickle", "timestamp": 1658231271, "scaled": "yes", "pca_components": 0, "resampling": "none", "learning_rate": 0.2574570729574304, "n_estimators": 426, "max_depth": 7, "gamma": 1.412684195358798, "reg_alpha": 7.1020042436098425, "seed": 1962, "fit_tim": 47.85226547718048, "core_tim": 0.06600894927978515, "matthews_corrcoef": 0.5178018515519167, "f1_macro": 0.4400605972400731, "accuracy": 0.6121779859484777}
{"model": "XGBoostClassifier", "dataset": "dataset_03_mean_icov.pickle", "timestamp": 1658231271, "scaled": "yes", "pca_components": 0, "resampling": "none", "learning_rate": 0.42088146566454354, "n_estimators": 426, "max_depth": 9, "gamma": 1.735543812041735, "reg_alpha": 4.439562290688334, "seed": 1962, "fit_tim": 47.53765168190002, "core_tim": 0.05533266067504883, "matthews_corrcoef": 0.5020410948370452, "f1_macro": 0.4278179472584947, "accuracy": 0.5994145199063232}
{"model": "XGBoostClassifier", "dataset": "dataset_03_mean_icov.pickle", "timestamp": 1658231271, "scaled": "yes", "pca_components": 0, "resampling": "none", "learning_rate": 0.7402752598824552, "n_estimators": 427, "max_depth": 9, "gamma": 0.5710627900257875, "reg_alpha": 7.499192094243112, "seed": 1962, "fit_tim": 48.991944432258606, "core_tim": 0.05341250896453857, "matthews_corrcoef": 0.4892084264529055, "f1_macro": 0.428653427680273, "accuracy": 0.5880562060889931}
{"model": "XGBoostClassifier", "dataset": "dataset_03_mean_icov.pickle", "timestamp": 1658231271, "scaled": "yes", "pca_components": 0, "resampling": "none", "learning_rate": 0.36878296347171763, "n_estimators": 424, "max_depth": 8, "gamma": 0.7369463995211106, "reg_alpha": 6.499317890840761, "seed": 1962, "fit_tim": 55.62055463790894, "core_tim": 0.06813237667083741, "matthews_corrcoef": 0.5138044948517031, "f1_macro": 0.4420816166798824, "accuracy": 0.6086651053864168}
{"model": "XGBoostClassifier", "dataset": "dataset_03_mean_icov.pickle", "timestamp": 1658231271, "scaled": "yes", "pca_components": 0, "resampling": "none", "learning_rate": 0.987077221677632, "n_estimators": 424, "max_depth": 8, "gamma": 0.5423888647859304, "reg_alpha": 7.807090146208385, "seed": 1962, "fit_tim": 44.94120764732361, "core_tim": 0.050916075706481934, "matthews_corrcoef": 0.47727850319080467, "f1_macro": 0.4243255049009925, "accuracy": 0.5778103044496488}
{"model": "XGBoostClassifier", "dataset": "dataset_03_mean_icov.pickle", "timestamp": 1658231271, "scaled": "yes", "pca_components": 0, "resampling": "none", "learning_rate": 0.5644182450397339, "n_estimators": 427, "max_depth": 8, "gamma": 0.19802058712958703, "reg_alpha": 6.450578450054644, "seed": 1962, "fit_tim": 59.70445799827576, "core_tim": 0.06637072563171387, "matthews_corrcoef": 0.5136597714722765, "f1_macro": 0.4485387955618233, "accuracy": 0.60807962529274}
{"model": "XGBoostClassifier", "dataset": "dataset_03_mean_icov.pickle", "timestamp": 1658231271, "scaled": "yes", "pca_components": 0, "resampling": "none", "learning_rate": 0.5384747079966777, "n_estimators": 425, "max_depth": 7, "gamma": 1.745139375073157, "reg_alpha": 6.2931197824366825, "seed": 1962, "fit_tim": 38.71315159797668, "core_tim": 0.051131677627563474, "matthews_corrcoef": 0.5010249747250672, "f1_macro": 0.4279465342810562, "accuracy": 0.5983021077283373}
{"model": "XGBoostClassifier", "dataset": "dataset_03_mean_icov.pickle", "timestamp": 1658231271, "scaled": "yes", "pca_components": 0, "resampling": "none", "learning_rate": 0.1580407564888814, "n_estimators": 846, "max_depth": 7, "gamma": 2.251851898354217, "reg_alpha": 15.129285213571018, "seed": 1962, "fit_tim": 75.8997697353363, "core_tim": 0.0935661792755127, "matthews_corrcoef": 0.5006010427608388, "f1_macro": 0.40864881015067506, "accuracy": 0.5992974238875878}
{"model": "XGBoostClassifier", "dataset": "dataset_03_mean_icov.pickle", "timestamp": 1658231271, "scaled": "yes", "pca_components": 0, "resampling": "none", "learning_rate": 0.01, "n_estimators": 426, "max_depth": 8, "gamma": 0.26646802258991314, "reg_alpha": 6.526022719687399, "seed": 1962, "fit_tim": 482.3945037841797, "core_tim": 0.5618499755859375, "matthews_corrcoef": 0.5105172529824085, "f1_macro": 0.42291689050355086, "accuracy": 0.6072599531615925}
{"model": "XGBoostClassifier", "dataset": "dataset_03_mean_icov.pickle", "timestamp": 1658231271, "scaled": "yes", "pca_components": 0, "resampling": "none", "learning_rate": 0.30735493580479045, "n_estimators": 426, "max_depth": 6, "gamma": 1.195858182863812, "reg_alpha": 6.2436812156699535, "seed": 1962, "fit_tim": 42.8414532661438, "core_tim": 0.062227392196655275, "matthews_corrcoef": 0.5201682271922209, "f1_macro": 0.4486856590174243, "accuracy": 0.6138173302107728}
{"model": "XGBoostClassifier", "dataset": "dataset_03_mean_icov.pickle", "timestamp": 1658231271, "scaled": "yes", "pca_components": 0, "resampling": "none", "learning_rate": 0.8568412306657721, "n_estimators": 666, "max_depth": 8, "gamma": 4.408126829567635, "reg_alpha": 17.803308432669134, "seed": 1962, "fit_tim": 50.198656392097476, "core_tim": 0.054199624061584475, "matthews_corrcoef": 0.4508479639539127, "f1_macro": 0.3761117389942835, "accuracy": 0.5588992974238876}
{"model": "XGBoostClassifier", "dataset": "dataset_03_mean_icov.pickle", "timestamp": 1658231271, "scaled": "yes", "pca_components": 0, "resampling": "none", "learning_rate": 0.4143517237548921, "n_estimators": 425, "max_depth": 9, "gamma": 0.017300038736296486, "reg_alpha": 5.586593016009996, "seed": 1962, "fit_tim": 102.83677904605865, "core_tim": 0.1006089448928833,