{"model": "XGBoostClassifier", "dataset": "dataset_00_all.pickle", "timestamp": 1658138497, "scaled": "yes", "pca_components": 0.95, "resampling": "none", "learning_rate": 0.10617682677922884, "n_estimators": 847, "max_depth": 7, "gamma": 0.8098958295334335, "reg_alpha": 15.199519949306211, "seed": 1962, "fit_tim": 225.79766857624054, "core_tim": 0.678479814529419, "matthews_corrcoef": 0.5946606163105139, "f1_macro": 0.5074050294533048, "accuracy": 0.6727166276346604}
{"model": "XGBoostClassifier", "dataset": "dataset_00_all.pickle", "timestamp": 1658138497, "scaled": "yes", "pca_components": 0.95, "resampling": "none", "learning_rate": 0.817638418054939, "n_estimators": 202, "max_depth": 4, "gamma": 3.1803402493410737, "reg_alpha": 14.920890386503785, "seed": 1962, "fit_tim": 104.56259109973908, "core_tim": 0.3903757095336914, "matthews_corrcoef": 0.536745515080998, "f1_macro": 0.45941070885663154, "accuracy": 0.6262295081967213}
{"model": "XGBoostClassifier", "dataset": "dataset_00_all.pickle", "timestamp": 1658138497, "scaled": "yes", "pca_components": 0.95, "resampling": "none", "learning_rate": 0.9123524182765608, "n_estimators": 988, "max_depth": 8, "gamma": 4.064809208821603, "reg_alpha": 17.454995005765003, "seed": 1962, "fit_tim": 175.1449827671051, "core_tim": 0.4186556816101074, "matthews_corrcoef": 0.506398100299365, "f1_macro": 0.43068824168378006, "accuracy": 0.6015807962529274}
