{"model": "XGBoostClassifier", "dataset": "dataset_04_mean_cov_icov.pickle", "timestamp": 1658231329, "scaled": "yes", "pca_components": 0, "resampling": "none", "learning_rate": 0.10617682677922884, "n_estimators": 847, "max_depth": 7, "gamma": 0.8098958295334335, "reg_alpha": 15.199519949306211, "seed": 1962, "fit_tim": 119.60093684196472, "core_tim": 0.17827112674713136, "matthews_corrcoef": 0.5383301896262588, "f1_macro": 0.4630824037340159, "accuracy": 0.6283957845433256}
{"model": "XGBoostClassifier", "dataset": "dataset_04_mean_cov_icov.pickle", "timestamp": 1658231329, "scaled": "yes", "pca_components": 0, "resampling": "none", "learning_rate": 0.817638418054939, "n_estimators": 202, "max_depth": 4, "gamma": 3.1803402493410737, "reg_alpha": 14.920890386503785, "seed": 1962, "fit_tim": 16.487805080413818, "core_tim": 0.04396281242370605, "matthews_corrcoef": 0.4946559205233891, "f1_macro": 0.4191192416622781, "accuracy": 0.5929742388758783}
{"model": "XGBoostClassifier", "dataset": "dataset_04_mean_cov_icov.pickle", "timestamp": 1658231329, "scaled": "yes", "pca_components": 0, "resampling": "none", "learning_rate": 0.9123524182765608, "n_estimators": 988, "max_depth": 8, "gamma": 4.064809208821603, "reg_alpha": 17.454995005765003, "seed": 1962, "fit_tim": 84.24172401428223, "core_tim": 0.08432116508483886, "matthews_corrcoef": 0.465819357660195, "f1_macro": 0.40005932694112545, "accuracy": 0.5697892271662763}
{"model": "XGBoostClassifier", "dataset": "dataset_04_mean_cov_icov.pickle", "timestamp": 1658231329, "scaled": "yes", "pca_components": 0, "resampling": "none", "learning_rate": 0.5564147536376609, "n_estimators": 993, "max_depth": 3, "gamma": 3.5880529911743952, "reg_alpha": 1.9356077231037738, "seed": 1962, "fit_tim": 71.66640205383301, "core_tim": 0.09023425579071045, "matthews_corrcoef": 0.5177596708491523, "f1_macro": 0.44998072213013324, "accuracy": 0.6112412177985949}
{"model": "XGBoostClassifier", "dataset": "dataset_04_mean_cov_icov.pickle", "timestamp": 1658231329, "scaled": "yes", "pca_components": 0, "resampling": "none", "learning_rate": 0.11484036953359722, "n_estimators": 426, "max_depth": 8, "gamma": 0.327162074525032, "reg_alpha": 6.880454180998818, "seed": 1962, "fit_tim": 145.11963477134705, "core_tim": 0.189131760597229, "matthews_corrcoef": 0.5569031760767755, "f1_macro": 0.49188421873153576, "accuracy": 0.6429156908665105}
{"model": "XGBoostClassifier", "dataset": "dataset_04_mean_cov_icov.pickle", "timestamp": 1658231329, "scaled": "yes", "pca_components": 0, "resampling": "none", "learning_rate": 0.40474636575900846, "n_estimators": 454, "max_depth": 4, "gamma": 3.7243447942960035, "reg_alpha": 10.717888426859489, "seed": 1962, "fit_tim": 35.586730647087094, "core_tim": 0.05935935974121094, "matthews_corrcoef": 0.5118601739907099, "f1_macro": 0.4276749360777538, "accuracy": 0.607377049180328}
{"model": "XGBoostClassifier", "dataset": "dataset_04_mean_cov_icov.pickle", "timestamp": 1658231329, "scaled": "yes", "pca_components": 0, "resampling": "none", "learning_rate": 0.14192648944066874, "n_estimators": 416, "max_depth": 3, "gamma": 3.1758282212205176, "reg_alpha": 6.583035688671637, "seed": 1962, "fit_tim": 36.438036465644835, "core_tim": 0.07755568027496337, "matthews_corrcoef": 0.5224446388729883, "f1_macro": 0.44037776066161616, "accuracy": 0.6158665105386417}
{"model": "XGBoostClassifier", "dataset": "dataset_04_mean_cov_icov.pickle", "timestamp": 1658231329, "scaled": "yes", "pca_components": 0, "resampling": "none", "learning_rate": 0.7402752598824552, "n_estimators": 427, "max_depth": 9, "gamma": 0.5710627900257875, "reg_alpha": 7.499192094243112, "seed": 1962, "fit_tim": 59.87748191356659, "core_tim": 0.07131648063659668, "matthews_corrcoef": 0.5051527817804927, "f1_macro": 0.4544830203380397, "accuracy": 0.6002927400468384}
{"model": "XGBoostClassifier", "dataset": "dataset_04_mean_cov_icov.pickle", "timestamp": 1658231329, "scaled": "yes", "pca_components": 0, "resampling": "none", "learning_rate": 0.019367794537377594, "n_estimators": 431, "max_depth": 4, "gamma": 3.8931442406085424, "reg_alpha": 2.9326063218542053, "seed": 1962, "fit_tim": 92.63978474140167, "core_tim": 0.27121336460113527, "matthews_corrcoef": 0.5243590550576266, "f1_macro": 0.4525764417237757, "accuracy": 0.6175058548009368}
{"model": "XGBoostClassifier", "dataset": "dataset_04_mean_cov_icov.pickle", "timestamp": 1658231329, "scaled": "yes", "pca_components": 0, "resampling": "none", "learning_rate": 0.8889598429533773, "n_estimators": 713, "max_depth": 6, "gamma": 2.5460328179840164, "reg_alpha": 18.62996563079273, "seed": 1962, "fit_tim": 57.027818417549135, "core_tim": 0.07000646591186524, "matthews_corrcoef": 0.48227225692353304, "f1_macro": 0.41212684744534434, "accuracy": 0.5830210772833724}
{"model": "XGBoostClassifier", "dataset": "dataset_04_mean_cov_icov.pickle", "timestamp": 1658231329, "scaled": "yes", "pca_components": 0, "resampling": "none", "learning_rate": 0.8853065865068206, "n_estimators": 316, "max_depth": 8, "gamma": 1.2245652502490567, "reg_alpha": 8.2628390153737, "seed": 1962, "fit_tim": 39.37996232509613, "core_tim": 0.05388975143432617, "matthews_corrcoef": 0.489445991370168, "f1_macro": 0.4447625883516535, "accuracy": 0.5873536299765808}
{"model": "XGBoostClassifier", "dataset": "dataset_04_mean_cov_icov.pickle", "timestamp": 1658231329, "scaled": "yes", "pca_components": 0, "resampling": "none", "learning_rate": 0.23483464256071798, "n_estimators": 540, "max_depth": 8, "gamma": 2.1618212112943063, "reg_alpha": 1.5274901812924258, "seed": 1962, "fit_tim": 77.06333386898041, "core_tim": 0.08509862422943115, "matthews_corrcoef": 0.53141607645621, "f1_macro": 0.46390513563693603, "accuracy": 0.6228337236533956}
{"model": "XGBoostClassifier", "dataset": "dataset_04_mean_cov_icov.pickle", "timestamp": 1658231329, "scaled": "yes", "pca_components": 0, "resampling": "none", "learning_rate": 0.7062372890243829, "n_estimators": 959, "max_depth": 3, "gamma": 4.079172552167288, "reg_alpha": 14.525500731118937, "seed": 1962, "fit_tim": 68.21459486484528, "core_tim": 0.07784841060638428, "matthews_corrcoef": 0.49590233061932076, "f1_macro": 0.41084379592895576, "accuracy": 0.5945550351288056}
{"model": "XGBoostClassifier", "dataset": "dataset_04_mean_cov_icov.pickle", "timestamp": 1658231329, "scaled": "yes", "pca_components": 0, "resampling": "none", "learning_rate": 0.6954972574469057, "n_estimators": 773, "max_depth": 8, "gamma": 2.9420216206402428, "reg_alpha": 5.409708735870817, "seed": 1962, "fit_tim": 79.50155227184295, "core_tim": 0.0767702579498291, "matthews_corrcoef": 0.49502204557694907, "f1_macro": 0.43938132522103934, "accuracy": 0.5926229508196721}
{"model": "XGBoostClassifier", "dataset": "dataset_04_mean_cov_icov.pickle", "timestamp": 1658231329, "scaled": "yes", "pca_components": 0, "resampling": "none", "learning_rate": 0.33358335576978526, "n_estimators": 575, "max_depth": 6, "gamma": 1.6723322873163156, "reg_alpha": 9.567215273385115, "seed": 1962, "fit_tim": 54.51735804080963, "core_tim": 0.07887756824493408, "matthews_corrcoef": 0.5280377117003747, "f1_macro": 0.46083930462805, "accuracy": 0.619847775175644}
{"model": "XGBoostClassifier", "dataset": "dataset_04_mean_cov_icov.pickle", "timestamp": 1658231329, "scaled": "yes", "pca_components": 0, "resampling": "none", "learning_rate": 0.8568412306657721, "n_estimators": 666, "max_depth": 8, "gamma": 4.408126829567635, "reg_alpha": 17.803308432669134, "seed": 1962, "fit_tim": 57.68284969329834, "core_tim": 0.06554214954376221, "matthews_corrcoef": 0.46093054417688933, "f1_macro": 0.39041371706297207, "accuracy": 0.5661007025761123}
{"model": "XGBoostClassifier", "dataset": "dataset_04_mean_cov_icov.pickle", "timestamp": 1658231329, "scaled": "yes", "pca_components": 0, "resampling": "none", "learning_rate": 0.334685703626208, "n_estimators": 410, "max_depth": 7, "gamma": 1.1391508051719101, "reg_alpha": 3.3147258955893344, "seed": 1962,