{
    "experiment": [
        {
            "model": "XGBClassifier",
            "dataset": "dataset_10_melspectrograms_flattened_pca",
            "phase": "test",
            "result": {
                "genre_blues": {
                    "precision": 1.0,
                    "recall": 0.0212765957,
                    "f1-score": 0.0416666667,
                    "support": 94,
                    "mcc": 0.1442846835
                },
                "genre_classical": {
                    "precision": 0.7139479905,
                    "recall": 0.8587677725,
                    "f1-score": 0.7796901893,
                    "support": 1055,
                    "mcc": 0.7039236881
                },
                "genre_country": {
                    "precision": 0.0,
                    "recall": 0.0,
                    "f1-score": 0.0,
                    "support": 82,
                    "mcc": 0.0
                },
                "genre_disco": {
                    "precision": 1.0,
                    "recall": 0.0277777778,
                    "f1-score": 0.0540540541,
                    "support": 72,
                    "mcc": 0.1652945786
                },
                "genre_hiphop": {
                    "precision": 0.6118421053,
                    "recall": 0.2188235294,
                    "f1-score": 0.3223570191,
                    "support": 425,
                    "mcc": 0.3287830101
                },
                "genre_jazz": {
                    "precision": 0.4107142857,
                    "recall": 0.1479099678,
                    "f1-score": 0.2174940898,
                    "support": 311,
                    "mcc": 0.2134034625
                },
                "genre_metal": {
                    "precision": 0.5681818182,
                    "recall": 0.1506024096,
                    "f1-score": 0.2380952381,
                    "support": 166,
                    "mcc": 0.279410934
                },
                "genre_pop": {
                    "precision": 0.3910550459,
                    "recall": 0.63797942,
                    "f1-score": 0.4848915748,
                    "support": 1069,
                    "mcc": 0.2699524406
                },
                "genre_reggae": {
                    "precision": 0.0,
                    "recall": 0.0,
                    "f1-score": 0.0,
                    "support": 197,
                    "mcc": 0.0
                },
                "genre_rock": {
                    "precision": 0.5221987315,
                    "recall": 0.6175,
                    "f1-score": 0.5658648339,
                    "support": 800,
                    "mcc": 0.4578338041
                },
                "accuracy": {
                    "f1-score": 0.5268087099,
                    "support": 4271,
                    "mcc": 0.402518699
                },
                "macro avg": {
                    "precision": 0.5217939977,
                    "recall": 0.2680637473,
                    "f1-score": 0.2704113666,
                    "support": 4271
                },
                "weighted avg": {
                    "precision": 0.5237872111,
                    "recall": 0.5268087099,
                    "f1-score": 0.4789484602,
                    "support": 4271
                }
            }
        }
    ]
}